scale_level,operation,min_ms,max_ms,mean_ms,p50_ms,p95_ms,p99_ms,stddev_ms,sample_count
100,INSERT,0.42,2.15,0.68,0.64,1.12,1.85,0.18,100
100,UPDATE,0.48,2.45,0.74,0.71,1.25,2.01,0.21,100
100,DELETE,0.52,2.8,0.81,0.78,1.4,2.3,0.26,100
1000,INSERT,0.45,2.8,0.72,0.68,1.22,2.1,0.22,100
1000,UPDATE,0.5,3.1,0.79,0.75,1.34,2.4,0.25,100
1000,DELETE,0.55,3.5,0.86,0.82,1.55,2.75,0.31,100
10000,INSERT,0.48,3.6,0.78,0.73,1.38,2.65,0.28,100
10000,UPDATE,0.54,4.1,0.85,0.8,1.52,2.95,0.32,100
10000,DELETE,0.58,4.4,0.92,0.88,1.7,3.2,0.38,100
100000,INSERT,0.52,4.9,0.85,0.8,1.62,3.2,0.35,100
100000,UPDATE,0.58,5.4,0.93,0.88,1.81,3.65,0.41,100
100000,DELETE,0.63,5.9,1.02,0.96,1.98,4.1,0.46,100
